{"EICaeMD5Y4J39DuBNULMmA==":"t1wnk_vqs7w-1822x728.jpg","PH5no3kVTIY0hHFWql6W3A==":"background1.jpg","6PoVP+KMQBLJiOUjq2loMw==":"background1-1.jpg","Jxx4j65RZqs/GH+6rS9QXA==":"strategic-solutions-1400x730.jpg","/o5qczU7akC3at3wpC15VA==":"i%20(4).webp","AL1v5RGtG4fNb384rIXkdw==":"amazon-tools-sellers-600x314.jpg","srPsl6XLC6vw50Kz48O7vQ==":"amazon-product-accebility.webp","Oe/uCOJMpanJPUkCdvZepA==":"i%20(5).webp","qjptvGnNBByuRAlBrZRDlg==":"1000i-1000x667.jpg","WE1GxJl1A756kiBYvF6UFA==":"unnamed-100x100.jpg","nhAzNeHvjg2lf1RvLB5PWw==":"5cf7681b2500002e0adbee1a-1495x998.jpg","9NQqXUuVoOr4KFWl7VBtrg==":"adobestock_136592548_a_resize-scaled-1805x1204.jpg","1HPqm+nW5BOKk/koKz/ZXQ==":"aqaknljrm38exrygmviw9f7vrgsumdbn85b5oz2lrvgyr-uxxasj5oegeqwy9rtiunt71xjzprylh62w8x3k_yenb-s-944x630.jpg","2R68fxWrogoZO6FdnklXWA==":"singapore-robo-advisors-1058x705.jpg","6ANoAcxfxl688GLaRrV3/g==":"i%20(6).webp","xuQUhqBAfZdeIuD4y1jSDQ==":"shutterstock-6249145-1565x1174.jpg"}